{
    "address": "0x1492004547ff0efd778cc2c14e794b26b4701105",
    "ETH": {
        "balance": 0.34742,
        "totalIn": 0.34742,
        "totalOut": 0
    },
    "countTxs": 10
}


