{
"limit": 2.52676476,
"maxLimit": 1.26338238,
"minerFee": 0.005,
"minimum": 0.00078737,
"pair": "btc_eth",
"rate": 12.67950184
}
